fid,latitude,longitude,capacity,people_usi,last_clean,storage_ty,id,NUMPOINTS,Risk1,Risk,River_dist,ENV_Risk,Final_Risk
1,-18.868907564641400,47.516285675785802,4.500000000000000,65.830506393621704,204.885340610372992,2,11,4.000000000000000,54.292000000000002,46.889000000000003,,-209.990906972460380,44.789090930275400
2,-18.872997600766400,47.521496022227097,4.500000000000000,70.894793281176604,155.627538186208994,2,11,4.000000000000000,54.292000000000002,46.889000000000003,,-209.990906972460380,44.789090930275400
3,-18.873912390792199,47.521587151758702,4.500000000000000,107.730287854435005,112.500276835698003,2,11,4.000000000000000,54.292000000000002,46.889000000000003,,-209.990906972460380,44.789090930275400
4,-18.876639618219400,47.515659347281400,4.500000000000000,147.309382669515003,243.340256009769007,2,11,4.000000000000000,54.292000000000002,46.889000000000003,,-209.990906972460380,44.789090930275400
5,-18.864758571737401,47.525342383938600,4.500000000000000,37.963666040340897,244.261911003439991,2,18,3.000000000000000,33.216999999999999,43.829000000000001,,-783.036922556923287,35.998630774430765
6,-18.865154137289100,47.529192590916097,12.500000000000000,27.933574761028702,161.560378556552990,1,18,3.000000000000000,33.216999999999999,43.829000000000001,,-783.036922556923287,35.998630774430765
7,-18.867540627790198,47.530624804832797,4.500000000000000,57.533375796160698,258.509588953629020,2,18,3.000000000000000,33.216999999999999,43.829000000000001,,-783.036922556923287,35.998630774430765
8,-18.869408135541700,47.527515957940899,4.500000000000000,124.386288873740995,210.460411167804011,2,19,5.000000000000000,32.337000000000003,37.701000000000001,,-895.004533802394349,28.750954661976056
9,-18.873459808861298,47.526039236799598,4.500000000000000,72.650818962916802,196.189730720943999,2,19,5.000000000000000,32.337000000000003,37.701000000000001,,-895.004533802394349,28.750954661976056
10,-18.874215182068500,47.529931111168302,4.500000000000000,160.250625793295001,189.058594561043009,2,19,5.000000000000000,32.337000000000003,37.701000000000001,,-895.004533802394349,28.750954661976056
11,-18.875639513014100,47.523580186894002,12.500000000000000,46.509481533654601,212.942799301786010,1,19,5.000000000000000,32.337000000000003,37.701000000000001,,-895.004533802394349,28.750954661976056
12,-18.875963902362500,47.525000478900402,12.500000000000000,87.107194726524597,255.779308464509000,1,19,5.000000000000000,32.337000000000003,37.701000000000001,,-895.004533802394349,28.750954661976056
13,-18.880445802111200,47.528561284292799,4.500000000000000,65.613326406637199,123.402957672252995,2,20,5.000000000000000,42.518000000000001,45.723999999999997,,-450.602475701901028,41.217975242980984
14,-18.881080127019398,47.531794027252303,12.500000000000000,6.788224715640390,193.161994749728990,1,20,5.000000000000000,42.518000000000001,45.723999999999997,,-450.602475701901028,41.217975242980984
15,-18.882689359241699,47.525777102580101,4.500000000000000,24.074909681056301,186.245999696572994,2,20,5.000000000000000,42.518000000000001,45.723999999999997,,-450.602475701901028,41.217975242980984
16,-18.882688105483400,47.527158105235003,4.500000000000000,55.817944135684201,291.743830856136981,2,20,5.000000000000000,42.518000000000001,45.723999999999997,,-450.602475701901028,41.217975242980984
17,-18.884027039673200,47.526576721314598,4.500000000000000,82.548782595164795,197.537473214067006,2,20,5.000000000000000,42.518000000000001,45.723999999999997,,-450.602475701901028,41.217975242980984
18,-18.886553458172600,47.531389512330001,4.500000000000000,10.502427360895700,184.660919585127999,2,21,7.000000000000000,43.634000000000000,42.997000000000000,,570.090361941547371,48.697903619415470
19,-18.886189095831998,47.530737625807298,4.500000000000000,29.381072875715699,145.299425145757994,2,21,7.000000000000000,43.634000000000000,42.997000000000000,,570.090361941547371,48.697903619415470
20,-18.887370641409500,47.525420098681401,4.500000000000000,17.259841252280101,163.054722015491990,2,21,7.000000000000000,43.634000000000000,42.997000000000000,,570.090361941547371,48.697903619415470
21,-18.887462113425201,47.529375825326497,4.500000000000000,39.213308765947097,158.098595091133006,2,21,7.000000000000000,43.634000000000000,42.997000000000000,,570.090361941547371,48.697903619415470
22,-18.888157199387400,47.528830751792199,4.500000000000000,96.746785348021803,231.971359573477997,2,21,7.000000000000000,43.634000000000000,42.997000000000000,,570.090361941547371,48.697903619415470
23,-18.887700359106901,47.530761169396499,12.500000000000000,77.313794589322001,197.499392221958999,1,21,7.000000000000000,43.634000000000000,42.997000000000000,,570.090361941547371,48.697903619415470
24,-18.888759307141601,47.525961639150204,4.500000000000000,207.096984859434002,127.733385217825003,2,21,7.000000000000000,43.634000000000000,42.997000000000000,,570.090361941547371,48.697903619415470
25,-18.867819749282400,47.533924937246503,12.500000000000000,75.974697344061298,249.648619980024989,1,26,1.000000000000000,8.321999999999999,8.321999999999999,,-582.415295588979347,2.497847044110205
26,-18.872207460382999,47.535821202261502,4.500000000000000,212.298223596221987,195.127671653734012,2,27,3.000000000000000,20.829000000000001,27.692000000000000,,-825.301992066740695,19.438980079332595
27,-18.873605305193099,47.533376505312901,12.500000000000000,43.237212378396798,98.105829949692506,1,27,3.000000000000000,20.829000000000001,27.692000000000000,,-825.301992066740695,19.438980079332595
28,-18.875327959857401,47.536994991345601,4.500000000000000,40.795424486713699,123.342518942086997,2,27,3.000000000000000,20.829000000000001,27.692000000000000,,-825.301992066740695,19.438980079332595
29,-18.878197275479700,47.532799839295002,4.500000000000000,21.771972181550801,140.432955201416007,2,28,8.000000000000000,33.462000000000003,38.893999999999998,,-677.229914559730332,32.121700854402697
30,-18.879085243256998,47.532892555070703,12.500000000000000,2.121908357988630,164.295294933912004,1,28,8.000000000000000,33.462000000000003,38.893999999999998,,-677.229914559730332,32.121700854402697
31,-18.879186941690101,47.540203315278298,12.500000000000000,88.910047365469893,249.527105863185994,1,28,8.000000000000000,33.462000000000003,38.893999999999998,,-677.229914559730332,32.121700854402697
32,-18.879861766144199,47.536936938803400,4.500000000000000,5.802421971976490,249.008728303814991,2,28,8.000000000000000,33.462000000000003,38.893999999999998,,-677.229914559730332,32.121700854402697
33,-18.884657395054901,47.534032569385701,4.500000000000000,49.031531922673800,109.789994478774005,2,28,8.000000000000000,33.462000000000003,38.893999999999998,,-677.229914559730332,32.121700854402697
34,-18.884177920546300,47.539701366514201,4.500000000000000,132.053084643149987,238.948987165979986,2,28,8.000000000000000,33.462000000000003,38.893999999999998,,-677.229914559730332,32.121700854402697
35,-18.885164185016698,47.533018568039900,4.500000000000000,59.195763281833401,203.349630066837989,2,28,8.000000000000000,33.462000000000003,38.893999999999998,,-677.229914559730332,32.121700854402697
36,-18.885192540904701,47.535824875078099,12.500000000000000,69.926963417609997,214.770805795466003,1,28,8.000000000000000,33.462000000000003,38.893999999999998,,-677.229914559730332,32.121700854402697
37,-18.886409982851799,47.534021982133098,4.500000000000000,0.088741851223247,170.326395505259001,2,29,8.000000000000000,44.570000000000000,45.195000000000000,,-1058.611032432503634,34.608889675674966
38,-18.888165486229699,47.536932215145299,4.500000000000000,1.698945953903700,158.973158058020005,2,29,8.000000000000000,44.570000000000000,45.195000000000000,,-1058.611032432503634,34.608889675674966
39,-18.887976789648601,47.539221265491200,4.500000000000000,38.221697157985403,189.325752523580007,2,29,8.000000000000000,44.570000000000000,45.195000000000000,,-1058.611032432503634,34.608889675674966
40,-18.889822841968900,47.540086591635102,4.500000000000000,153.484820876046001,129.413733971976995,2,29,8.000000000000000,44.570000000000000,45.195000000000000,,-1058.611032432503634,34.608889675674966
41,-18.890853177504201,47.539853787996499,12.500000000000000,49.335690384438202,118.345296757073996,1,29,8.000000000000000,44.570000000000000,45.195000000000000,,-1058.611032432503634,34.608889675674966
42,-18.892269870390098,47.539879616706898,4.500000000000000,74.016089388963493,184.356176667331994,2,29,8.000000000000000,44.570000000000000,45.195000000000000,,-1058.611032432503634,34.608889675674966
43,-18.893597136384201,47.535767735975398,4.500000000000000,13.708138828918999,213.628825497137996,2,29,8.000000000000000,44.570000000000000,45.195000000000000,,-1058.611032432503634,34.608889675674966
44,-18.892867414024000,47.538752671000502,4.500000000000000,59.700754990341302,172.732069661156004,2,29,8.000000000000000,44.570000000000000,45.195000000000000,,-1058.611032432503634,34.608889675674966
45,-18.894267200594001,47.537527084037997,4.500000000000000,8.545286723435691,164.241228924199987,2,30,8.000000000000000,49.978000000000002,49.764000000000003,,-114.531700756667419,48.618682992433328
46,-18.895273861373099,47.537535340753699,4.500000000000000,28.424004013204399,193.201836976858004,2,30,8.000000000000000,49.978000000000002,49.764000000000003,,-114.531700756667419,48.618682992433328
47,-18.895830119300300,47.537462099629799,4.500000000000000,59.140448891349301,157.930602655917994,2,30,8.000000000000000,49.978000000000002,49.764000000000003,,-114.531700756667419,48.618682992433328
48,-18.895568860353201,47.537341944959799,4.500000000000000,109.976678952062997,306.876517698757993,2,30,8.000000000000000,49.978000000000002,49.764000000000003,,-114.531700756667419,48.618682992433328
49,-18.896099350890800,47.540512451746402,4.500000000000000,28.599151186946202,163.820463562758988,2,30,8.000000000000000,49.978000000000002,49.764000000000003,,-114.531700756667419,48.618682992433328
50,-18.899133830405301,47.534960223765999,4.500000000000000,117.807648215113005,118.801584464358996,2,30,8.000000000000000,49.978000000000002,49.764000000000003,,-114.531700756667419,48.618682992433328
51,-18.900335507047700,47.537605530547602,4.500000000000000,32.784516008013597,230.157914730259989,2,30,8.000000000000000,49.978000000000002,49.764000000000003,,-114.531700756667419,48.618682992433328
52,-18.900783729487500,47.538019414602601,12.500000000000000,70.241034560055894,164.306208740095002,1,30,8.000000000000000,49.978000000000002,49.764000000000003,,-114.531700756667419,48.618682992433328
53,-18.867658256221201,47.542565020843803,4.500000000000000,21.822257979347199,210.031220047651999,2,34,1.000000000000000,34.369000000000000,34.369000000000000,,-897.729417778226889,25.391705822217730
54,-18.869227288993201,47.542174551210600,12.500000000000000,26.261899142721699,103.815174484357001,1,35,8.000000000000000,35.430000000000000,40.338999999999999,,-1169.679420285518972,28.642205797144811
55,-18.868737040190300,47.544773932597799,4.500000000000000,91.457893863874901,152.437750142726003,2,35,8.000000000000000,35.430000000000000,40.338999999999999,,-1169.679420285518972,28.642205797144811
56,-18.873144955521902,47.541918322507698,4.500000000000000,21.538362145247799,173.333014033022010,2,35,8.000000000000000,35.430000000000000,40.338999999999999,,-1169.679420285518972,28.642205797144811
57,-18.873631776057799,47.544098766040499,4.500000000000000,11.364115968107599,132.719304537536999,2,35,8.000000000000000,35.430000000000000,40.338999999999999,,-1169.679420285518972,28.642205797144811
58,-18.874734791277898,47.540834422464599,4.500000000000000,70.328373897763697,202.130090695322991,2,35,8.000000000000000,35.430000000000000,40.338999999999999,,-1169.679420285518972,28.642205797144811
59,-18.874012226125998,47.543991845878800,4.500000000000000,99.682636461642204,175.891903267215014,2,35,8.000000000000000,35.430000000000000,40.338999999999999,,-1169.679420285518972,28.642205797144811
60,-18.875282011135699,47.545651816165197,12.500000000000000,1.532186198515880,187.471077051624007,1,35,8.000000000000000,35.430000000000000,40.338999999999999,,-1169.679420285518972,28.642205797144811
61,-18.875844702027099,47.545170440595498,4.500000000000000,112.109464821630993,213.476457841479004,2,35,8.000000000000000,35.430000000000000,40.338999999999999,,-1169.679420285518972,28.642205797144811
62,-18.876923284773198,47.544347988311898,4.500000000000000,75.449706606448800,163.791118158838998,2,36,6.000000000000000,33.273000000000003,40.805000000000000,,-646.960507686100868,34.335394923138992
63,-18.877462113123300,47.546239810838600,4.500000000000000,18.297667427058698,223.497343564767988,2,36,6.000000000000000,33.273000000000003,40.805000000000000,,-646.960507686100868,34.335394923138992
64,-18.882752361782298,47.547570228826601,4.500000000000000,42.626343826493397,184.869528832215991,2,36,6.000000000000000,33.273000000000003,40.805000000000000,,-646.960507686100868,34.335394923138992
65,-18.883076521245101,47.546376951848302,12.500000000000000,18.616223641638200,195.627623192128993,1,36,6.000000000000000,33.273000000000003,40.805000000000000,,-646.960507686100868,34.335394923138992
66,-18.883825066985398,47.543919910453198,12.500000000000000,80.431441432628404,138.321497847158014,1,36,6.000000000000000,33.273000000000003,40.805000000000000,,-646.960507686100868,34.335394923138992
67,-18.885177572320998,47.546722140825700,4.500000000000000,127.005646503410006,232.584148147500997,2,36,6.000000000000000,33.273000000000003,40.805000000000000,,-646.960507686100868,34.335394923138992
68,-18.886167912066501,47.548293479330802,4.500000000000000,74.484716658059497,185.219024101278990,2,37,11.000000000000000,47.390999999999998,47.273000000000003,,-1084.549302286500961,36.427506977134996
69,-18.886511922793598,47.547235589370899,12.500000000000000,113.313113090460007,233.103820735801008,1,37,11.000000000000000,47.390999999999998,47.273000000000003,,-1084.549302286500961,36.427506977134996
70,-18.887930105047300,47.541329599971498,4.500000000000000,124.081070004143996,130.855659391263003,2,37,11.000000000000000,47.390999999999998,47.273000000000003,,-1084.549302286500961,36.427506977134996
71,-18.888983534235301,47.546214697008303,4.500000000000000,46.078137099026399,86.585023422270595,2,37,11.000000000000000,47.390999999999998,47.273000000000003,,-1084.549302286500961,36.427506977134996
72,-18.888509250759100,47.546291667580199,4.500000000000000,73.385533976413598,182.321280513310001,2,37,11.000000000000000,47.390999999999998,47.273000000000003,,-1084.549302286500961,36.427506977134996
73,-18.889479639305200,47.544614570519499,4.500000000000000,35.742194859938600,226.534963436986999,2,37,11.000000000000000,47.390999999999998,47.273000000000003,,-1084.549302286500961,36.427506977134996
74,-18.889954354124900,47.545812856867897,12.500000000000000,17.471609326689698,228.591334212899994,1,37,11.000000000000000,47.390999999999998,47.273000000000003,,-1084.549302286500961,36.427506977134996
75,-18.890297872334600,47.543659522657400,4.500000000000000,93.875733515871303,270.268617232815018,2,37,11.000000000000000,47.390999999999998,47.273000000000003,,-1084.549302286500961,36.427506977134996
76,-18.892677919143001,47.542665088266901,4.500000000000000,3.913928015672330,101.581276838147005,2,37,11.000000000000000,47.390999999999998,47.273000000000003,,-1084.549302286500961,36.427506977134996
77,-18.893127910851401,47.541989154888398,4.500000000000000,162.506452734518007,255.501508581758998,2,37,11.000000000000000,47.390999999999998,47.273000000000003,,-1084.549302286500961,36.427506977134996
78,-18.893791036096498,47.547504476046100,4.500000000000000,76.706242802121096,200.429408224273004,2,37,11.000000000000000,47.390999999999998,47.273000000000003,,-1084.549302286500961,36.427506977134996
79,-18.894855397464500,47.542755004088797,12.500000000000000,33.157868050556203,205.028106299639006,1,38,6.000000000000000,24.167999999999999,31.925999999999998,,-1006.384932007309999,21.862150679926899
80,-18.896636156480302,47.545450834826603,12.500000000000000,54.716397311076797,129.465871586385987,1,38,6.000000000000000,24.167999999999999,31.925999999999998,,-1006.384932007309999,21.862150679926899
81,-18.897513683093099,47.547519206775597,4.500000000000000,3.636470743225470,136.150084780464994,2,38,6.000000000000000,24.167999999999999,31.925999999999998,,-1006.384932007309999,21.862150679926899
82,-18.897396189109902,47.548439577301103,4.500000000000000,45.730778456835303,281.781338861165978,2,38,6.000000000000000,24.167999999999999,31.925999999999998,,-1006.384932007309999,21.862150679926899
83,-18.898591828282999,47.546918505356999,12.500000000000000,97.106251242281800,171.834767923346988,1,38,6.000000000000000,24.167999999999999,31.925999999999998,,-1006.384932007309999,21.862150679926899
84,-18.900790404937698,47.541262778859497,4.500000000000000,68.176643648452000,161.798865701342010,2,38,6.000000000000000,24.167999999999999,31.925999999999998,,-1006.384932007309999,21.862150679926899
85,-18.873328994013399,47.552420013049300,4.500000000000000,55.813977321442202,186.154285445623003,2,43,1.000000000000000,30.462000000000000,30.462000000000000,,-863.347901127646082,21.828520988723540
86,-18.879732873767001,47.553177718999500,4.500000000000000,65.125830534523303,162.610489990459001,2,44,10.000000000000000,34.771000000000001,39.561999999999998,,-967.536596443046847,29.886634035569529
87,-18.882330947058001,47.558298534322901,4.500000000000000,54.667872875870401,120.044426392659005,2,44,10.000000000000000,34.771000000000001,39.561999999999998,,-967.536596443046847,29.886634035569529
88,-18.882167738959801,47.551658025268097,4.500000000000000,64.671983882300594,214.728486452476005,2,44,10.000000000000000,34.771000000000001,39.561999999999998,,-967.536596443046847,29.886634035569529
89,-18.882166356642799,47.552554412915597,12.500000000000000,192.449560953591003,89.395171858455200,1,44,10.000000000000000,34.771000000000001,39.561999999999998,,-967.536596443046847,29.886634035569529
90,-18.882266456372101,47.556426740729997,12.500000000000000,49.477350933206900,194.174899750916012,1,44,10.000000000000000,34.771000000000001,39.561999999999998,,-967.536596443046847,29.886634035569529
91,-18.883062552561100,47.551980696520701,4.500000000000000,26.211674266775699,254.081714812786998,2,44,10.000000000000000,34.771000000000001,39.561999999999998,,-967.536596443046847,29.886634035569529
92,-18.882849753737101,47.558228034988900,12.500000000000000,44.999738581981603,244.073627744640987,1,44,10.000000000000000,34.771000000000001,39.561999999999998,,-967.536596443046847,29.886634035569529
93,-18.884303466808898,47.558410708820297,4.500000000000000,63.717101423429199,140.576971441041991,2,44,10.000000000000000,34.771000000000001,39.561999999999998,,-967.536596443046847,29.886634035569529
94,-18.884654731680602,47.555342323895204,4.500000000000000,62.648003000454302,122.363460396969998,2,44,10.000000000000000,34.771000000000001,39.561999999999998,,-967.536596443046847,29.886634035569529
95,-18.885246178774299,47.555748088411903,4.500000000000000,5.923615425986620,207.842976511739010,2,44,10.000000000000000,34.771000000000001,39.561999999999998,,-967.536596443046847,29.886634035569529
96,-18.885974448729499,47.558403949760503,4.500000000000000,41.634230876676298,239.443141157632994,2,45,12.000000000000000,56.654000000000003,53.494000000000000,,-781.534206675013820,45.678657933249859
97,-18.888819811377900,47.551529655131802,4.500000000000000,25.787472100655702,268.675185806224022,2,45,12.000000000000000,56.654000000000003,53.494000000000000,,-781.534206675013820,45.678657933249859
98,-18.889560636157501,47.551347199610497,4.500000000000000,44.558035460758497,225.944698639107997,2,45,12.000000000000000,56.654000000000003,53.494000000000000,,-781.534206675013820,45.678657933249859
99,-18.889647607641400,47.556145866830803,12.500000000000000,17.894552111704598,146.441283410560004,1,45,12.000000000000000,56.654000000000003,53.494000000000000,,-781.534206675013820,45.678657933249859
100,-18.890087853832402,47.549861038647201,4.500000000000000,36.758548706274702,186.440647226535987,2,45,12.000000000000000,56.654000000000003,53.494000000000000,,-781.534206675013820,45.678657933249859
101,-18.890407207210600,47.557284801500799,4.500000000000000,11.669483482248800,191.890461524633992,2,45,12.000000000000000,56.654000000000003,53.494000000000000,,-781.534206675013820,45.678657933249859
102,-18.891699082862701,47.554729917460200,4.500000000000000,6.160214689019410,154.541484092871997,2,45,12.000000000000000,56.654000000000003,53.494000000000000,,-781.534206675013820,45.678657933249859
103,-18.892693186593000,47.554615931757397,4.500000000000000,80.886915079969995,100.624273316586994,2,45,12.000000000000000,56.654000000000003,53.494000000000000,,-781.534206675013820,45.678657933249859
104,-18.892899514430599,47.553820734347298,4.500000000000000,3.780221080755040,220.109426263921989,2,45,12.000000000000000,56.654000000000003,53.494000000000000,,-781.534206675013820,45.678657933249859
105,-18.893565412915901,47.551820400061899,4.500000000000000,77.388271110764293,153.592618004731008,2,45,12.000000000000000,56.654000000000003,53.494000000000000,,-781.534206675013820,45.678657933249859
106,-18.893506857380100,47.555554551348301,4.500000000000000,54.131087136850702,203.358650622705994,2,45,12.000000000000000,56.654000000000003,53.494000000000000,,-781.534206675013820,45.678657933249859
107,-18.893691827018600,47.557484719276999,4.500000000000000,46.089496096292599,150.455888497775987,2,45,12.000000000000000,56.654000000000003,53.494000000000000,,-781.534206675013820,45.678657933249859
108,-18.894095388168701,47.554006429198097,12.500000000000000,8.925686328619800,204.723228353487997,1,46,8.000000000000000,24.201000000000001,29.570000000000000,,-855.481834841794353,21.015181651582054
109,-18.895027413395500,47.558172493687202,4.500000000000000,111.146348378141994,145.441572482254003,2,46,8.000000000000000,24.201000000000001,29.570000000000000,,-855.481834841794353,21.015181651582054
110,-18.896148225419900,47.558088729874299,12.500000000000000,72.392433729865104,240.223702114414010,1,46,8.000000000000000,24.201000000000001,29.570000000000000,,-855.481834841794353,21.015181651582054
111,-18.896884249799999,47.552546261152699,12.500000000000000,78.505758554537906,203.594044292758014,1,46,8.000000000000000,24.201000000000001,29.570000000000000,,-855.481834841794353,21.015181651582054
112,-18.896721994959599,47.554679206801303,12.500000000000000,112.161688410379000,77.798399413020704,1,46,8.000000000000000,24.201000000000001,29.570000000000000,,-855.481834841794353,21.015181651582054
113,-18.896950288124302,47.558486397638802,4.500000000000000,17.618420498287701,110.725762821862006,2,46,8.000000000000000,24.201000000000001,29.570000000000000,,-855.481834841794353,21.015181651582054
114,-18.897712465144298,47.551797352525803,4.500000000000000,9.454216567965499,211.818954223307003,2,46,8.000000000000000,24.201000000000001,29.570000000000000,,-855.481834841794353,21.015181651582054
115,-18.901788059693700,47.553650642316398,4.500000000000000,104.107684556259997,197.231562510564004,2,46,8.000000000000000,24.201000000000001,29.570000000000000,,-855.481834841794353,21.015181651582054
116,-18.904243129596399,47.552951658328297,4.500000000000000,113.187897317834000,162.489781343163997,2,47,11.000000000000000,52.109000000000002,48.997999999999998,,-910.762513301032413,39.890374866989674
117,-18.903893822127699,47.552549809355703,4.500000000000000,147.117929466110013,158.952248066039004,2,47,11.000000000000000,52.109000000000002,48.997999999999998,,-910.762513301032413,39.890374866989674
118,-18.905073676414901,47.555550319896298,4.500000000000000,187.882487161956988,210.825496608522002,2,47,11.000000000000000,52.109000000000002,48.997999999999998,,-910.762513301032413,39.890374866989674
119,-18.905967512573199,47.552007648677098,4.500000000000000,17.719078211629100,196.016203394974013,2,47,11.000000000000000,52.109000000000002,48.997999999999998,,-910.762513301032413,39.890374866989674
120,-18.906645057941098,47.558344279681002,4.500000000000000,86.485972289066197,153.584376118197014,2,47,11.000000000000000,52.109000000000002,48.997999999999998,,-910.762513301032413,39.890374866989674
121,-18.907266007951002,47.549803408412401,4.500000000000000,58.624809636447800,166.637820928192014,2,47,11.000000000000000,52.109000000000002,48.997999999999998,,-910.762513301032413,39.890374866989674
122,-18.907432350726200,47.552184506310098,4.500000000000000,17.543068588815700,131.431881265415001,2,47,11.000000000000000,52.109000000000002,48.997999999999998,,-910.762513301032413,39.890374866989674
123,-18.908040708416699,47.550464407716397,4.500000000000000,9.700015985292969,215.203801507216014,2,47,11.000000000000000,52.109000000000002,48.997999999999998,,-910.762513301032413,39.890374866989674
124,-18.908010740226100,47.556708809724498,12.500000000000000,21.282258894673401,174.392703377141004,1,47,11.000000000000000,52.109000000000002,48.997999999999998,,-910.762513301032413,39.890374866989674
125,-18.910023730557601,47.550713790916902,4.500000000000000,43.892329955557202,228.287481236981989,2,47,11.000000000000000,52.109000000000002,48.997999999999998,,-910.762513301032413,39.890374866989674
126,-18.910522311732699,47.552922067144401,4.500000000000000,32.751040191948100,137.658062171895011,2,47,11.000000000000000,52.109000000000002,48.997999999999998,,-910.762513301032413,39.890374866989674
127,-18.884125851612900,47.560400153297003,4.500000000000000,62.960112646679001,193.478109372395011,2,52,1.000000000000000,31.660000000000000,31.660000000000000,,-767.159996930554939,23.988400030694450
128,-18.890746505050000,47.561229874246997,12.500000000000000,63.304869853066101,108.418035767334999,1,53,4.000000000000000,32.853999999999999,40.430000000000000,,-906.419148053652407,31.365808519463478
129,-18.890764316683100,47.561853421357199,4.500000000000000,14.245038644553800,225.271005250261993,2,53,4.000000000000000,32.853999999999999,40.430000000000000,,-906.419148053652407,31.365808519463478
130,-18.892632032830100,47.562642615129299,4.500000000000000,16.333239422750701,186.972070300111994,2,53,4.000000000000000,32.853999999999999,40.430000000000000,,-906.419148053652407,31.365808519463478
131,-18.893784554347100,47.562728958721401,4.500000000000000,13.623081689161900,183.345833070862994,2,53,4.000000000000000,32.853999999999999,40.430000000000000,,-906.419148053652407,31.365808519463478
132,-18.895199354851499,47.561357100233401,12.500000000000000,100.171101724373003,118.375803802161997,1,54,9.000000000000000,47.198999999999998,46.890000000000001,,-896.975091190886815,37.920249088091133
133,-18.894317069862900,47.561548742949000,4.500000000000000,32.482533031672801,80.560864703317193,2,54,9.000000000000000,47.198999999999998,46.890000000000001,,-896.975091190886815,37.920249088091133
134,-18.898537691263702,47.559486306704997,4.500000000000000,4.583896106327370,218.615329359901011,2,54,9.000000000000000,47.198999999999998,46.890000000000001,,-896.975091190886815,37.920249088091133
135,-18.898691989753001,47.567534240384497,4.500000000000000,55.764051596357398,200.649262903660997,2,54,9.000000000000000,47.198999999999998,46.890000000000001,,-896.975091190886815,37.920249088091133
136,-18.899986985986299,47.564672270069998,4.500000000000000,117.603360140730004,253.138010893494993,2,54,9.000000000000000,47.198999999999998,46.890000000000001,,-896.975091190886815,37.920249088091133
137,-18.901475343185002,47.559882968166100,4.500000000000000,79.127564078112897,164.125534914393995,2,54,9.000000000000000,47.198999999999998,46.890000000000001,,-896.975091190886815,37.920249088091133
138,-18.900660966099199,47.567062694424102,4.500000000000000,30.304753175599000,149.502511081952008,2,54,9.000000000000000,47.198999999999998,46.890000000000001,,-896.975091190886815,37.920249088091133
139,-18.901339829752899,47.567039202431801,4.500000000000000,50.426673830722002,155.668105662481992,2,54,9.000000000000000,47.198999999999998,46.890000000000001,,-896.975091190886815,37.920249088091133
140,-18.902340253734799,47.561954504619401,4.500000000000000,78.079397906029300,186.391628249500997,2,54,9.000000000000000,47.198999999999998,46.890000000000001,,-896.975091190886815,37.920249088091133
141,-18.902728420868701,47.567433942094297,12.500000000000000,7.723118535488380,201.407314713891992,1,55,10.000000000000000,43.930000000000000,46.119000000000000,,-947.925619952661577,36.639743800473383
142,-18.905091446463700,47.560994919120702,4.500000000000000,143.485062626189006,116.603682550887001,2,55,10.000000000000000,43.930000000000000,46.119000000000000,,-947.925619952661577,36.639743800473383
143,-18.905749179101900,47.560259799769298,12.500000000000000,98.030711100649199,174.430658445234002,1,55,10.000000000000000,43.930000000000000,46.119000000000000,,-947.925619952661577,36.639743800473383
144,-18.905563222001401,47.565919901248101,4.500000000000000,28.647296795389000,242.023575960888991,2,55,10.000000000000000,43.930000000000000,46.119000000000000,,-947.925619952661577,36.639743800473383
145,-18.905589437156099,47.567077094319302,4.500000000000000,35.739717731985003,193.417380926639993,2,55,10.000000000000000,43.930000000000000,46.119000000000000,,-947.925619952661577,36.639743800473383
146,-18.906958702630298,47.559834404070003,4.500000000000000,68.370828688802504,134.983014135644993,2,55,10.000000000000000,43.930000000000000,46.119000000000000,,-947.925619952661577,36.639743800473383
147,-18.907193657009699,47.564033079695101,4.500000000000000,9.836757931535869,164.353274882286996,2,55,10.000000000000000,43.930000000000000,46.119000000000000,,-947.925619952661577,36.639743800473383
148,-18.908870749791600,47.559588856184497,4.500000000000000,95.922158007734097,214.612753348631003,2,55,10.000000000000000,43.930000000000000,46.119000000000000,,-947.925619952661577,36.639743800473383
149,-18.908551697615501,47.560168834601697,4.500000000000000,109.866676981330997,228.821724277095996,2,55,10.000000000000000,43.930000000000000,46.119000000000000,,-947.925619952661577,36.639743800473383
150,-18.910583335640300,47.561088451058701,4.500000000000000,41.801484139576800,178.744957905699010,2,55,10.000000000000000,43.930000000000000,46.119000000000000,,-947.925619952661577,36.639743800473383
151,-18.913602346448901,47.561929119749202,12.500000000000000,9.424987752337181,156.330549930334001,1,56,2.000000000000000,19.445000000000000,28.846000000000000,,-707.452694721675016,21.771473052783250
152,-18.914629017022200,47.562182467054498,4.500000000000000,6.854130222957530,232.572384451223996,2,56,2.000000000000000,19.445000000000000,28.846000000000000,,-707.452694721675016,21.771473052783250
153,-18.897624494285701,47.568349250771000,4.500000000000000,58.902734170423798,177.991209179276012,2,62,3.000000000000000,15.728000000000000,20.480000000000000,,-772.143944523256323,12.758560554767438
154,-18.900903107631400,47.568298553511902,12.500000000000000,55.789556089112402,254.253120509887992,1,62,3.000000000000000,15.728000000000000,20.480000000000000,,-772.143944523256323,12.758560554767438
155,-18.902022380509599,47.568862129807101,12.500000000000000,48.750094966468701,100.759879345884997,1,62,3.000000000000000,15.728000000000000,20.480000000000000,,-772.143944523256323,12.758560554767438
156,-18.903262586400000,47.570577876978902,4.500000000000000,8.892850637563081,222.454563187913010,2,63,9.000000000000000,45.002000000000002,44.241000000000000,,-643.974108049757433,37.801258919502423
157,-18.903935521900600,47.570483265024102,4.500000000000000,27.332567065077001,184.571762508933006,2,63,9.000000000000000,45.002000000000002,44.241000000000000,,-643.974108049757433,37.801258919502423
158,-18.904680374263801,47.570463598429399,4.500000000000000,13.556559306196901,179.496521543564995,2,63,9.000000000000000,45.002000000000002,44.241000000000000,,-643.974108049757433,37.801258919502423
159,-18.905698991155699,47.572385120354902,4.500000000000000,16.992879316717399,71.188372120412197,2,63,9.000000000000000,45.002000000000002,44.241000000000000,,-643.974108049757433,37.801258919502423
160,-18.905133923406002,47.572222340660403,12.500000000000000,6.314582609939430,130.765251493242999,1,63,9.000000000000000,45.002000000000002,44.241000000000000,,-643.974108049757433,37.801258919502423
161,-18.906258462385601,47.571814405972503,4.500000000000000,117.640674026612999,221.884662563310997,2,63,9.000000000000000,45.002000000000002,44.241000000000000,,-643.974108049757433,37.801258919502423
162,-18.908847286065001,47.571114581702503,4.500000000000000,12.533119646298401,122.250169872041994,2,63,9.000000000000000,45.002000000000002,44.241000000000000,,-643.974108049757433,37.801258919502423
163,-18.908847165150100,47.570280510849500,4.500000000000000,10.167191653925700,153.018800041487992,2,63,9.000000000000000,45.002000000000002,44.241000000000000,,-643.974108049757433,37.801258919502423
164,-18.909808664713001,47.569250552377603,4.500000000000000,6.838273113737160,170.317318387714010,2,63,9.000000000000000,45.002000000000002,44.241000000000000,,-643.974108049757433,37.801258919502423
165,-18.910935480078901,47.571514565317202,4.500000000000000,59.072278457656701,177.671589413056012,2,64,6.000000000000000,27.786000000000001,35.869000000000000,,-396.910482019848700,31.899895179801511
166,-18.912530499808700,47.568663098303098,12.500000000000000,67.840355069860294,208.122729169013013,1,64,6.000000000000000,27.786000000000001,35.869000000000000,,-396.910482019848700,31.899895179801511
167,-18.912273503647899,47.575721781440201,12.500000000000000,6.423138789984340,219.546945004516004,1,64,6.000000000000000,27.786000000000001,35.869000000000000,,-396.910482019848700,31.899895179801511
168,-18.912707974141199,47.575851018748800,12.500000000000000,95.459908444823398,176.954338930841999,1,64,6.000000000000000,27.786000000000001,35.869000000000000,,-396.910482019848700,31.899895179801511
169,-18.914269736722300,47.570756286932600,4.500000000000000,97.857364307462007,186.899578655706989,2,64,6.000000000000000,27.786000000000001,35.869000000000000,,-396.910482019848700,31.899895179801511
170,-18.917137260121599,47.575594851848003,4.500000000000000,13.488775979317101,279.471204375363982,2,64,6.000000000000000,27.786000000000001,35.869000000000000,,-396.910482019848700,31.899895179801511
